Dan,SDR2S,SOMEDESCRIPTION,0.01,imageApp/images/products/0a8a608e5c5e40bfb2907a1e4f5745c6.jpg
SomeName,SDR2S,SOMEDESCRIPTION,23.12,imageApp/images/products/3727a78c126d4918c7b8d0e61b2fc2da.jpg
SomeName,SDR2S,SOMEDESCRIPTION,23.12,imageApp/images/products/4a2c2f3c0d049d8e00d70ceaed543d83.jpg
SomeName,SDR2S,SOMEDESCRIPTION,23.12,imageApp/images/products/54f278d1aa5355b2d8f15ee588c81f2a.jpg
SomeName,SDR2S,SOMEDESCRIPTION,23.12,imageApp/images/products/577c555047253d89e4c201de0f99d9f2.jpg
SomeName,SDR2S,SOMEDESCRIPTION,23.12,imageApp/images/products/58aa15bad5afd850b18e9dfd0ec91a4c.jpg
SomeName,SDR2S,SOMEDESCRIPTION,23.12,imageApp/images/products/696dffd53a9ea5c8961240a95e91c1cf.jpg
SomeName,SDR2S,SOMEDESCRIPTION,23.12,imageApp/images/products/7c1c623ec1cd14830d69bdad857e4f68.jpg
SomeName,SDR2S,SOMEDESCRIPTION,23.12,imageApp/images/products/82ad0e8c1b45475fed4e0bdb1a3ef463.jpg
SomeName,SDR2S,SOMEDESCRIPTION,23.12,imageApp/images/products/9bc6806ac04306fe0dba890162ca901b.jpg
SomeName,SDR2S,SOMEDESCRIPTION,23.12,imageApp/images/products/aa6d8e5368a98b4dd6e6437e955f5fb6.jpg
SomeName,SDR2S,SOMEDESCRIPTION,23.12,imageApp/images/products/b51b1c519dc797ba020ac00126ffa375.jpg
SomeName,SDR2S,SOMEDESCRIPTION,23.12,imageApp/images/products/b935b645cd00a3a865dcc05509e5bc9b.jpg
SomeName,SDR2S,SOMEDESCRIPTION,23.12,imageApp/images/products/df5c9d77dea6834943b8875bfebcf4d1.jpg
SomeName,SDR2S,SOMEDESCRIPTION,23.12,imageApp/images/products/dfe96520f92c00037e1a48caa54c973c.jpg
SomeName,SDR2S,SOMEDESCRIPTION,23.12,imageApp/images/products/ea4a29a7fb650e3415bf084cc4a9ca1e.jpg
